<schema name="discovery" version="1.5">

  <types>
    <fieldType name="string" class="solr.StrField" sortMissingLast="true" omitNorms="true"/>

    <fieldType name="boolean" class="solr.BoolField" sortMissingLast="true" omitNorms="true"/>

    <fieldType name="int" class="solr.IntPointField" omitNorms="true" positionIncrementGap="0" docValues="true"/>
    <fieldType name="float" class="solr.FloatPointField" omitNorms="true" positionIncrementGap="0" docValues="true"/>
    <fieldType name="long" class="solr.LongPointField" omitNorms="true" positionIncrementGap="0" docValues="true"/>
    <fieldType name="double" class="solr.DoublePointField" omitNorms="true" positionIncrementGap="0" docValues="true"/>
    <fieldType name="date" class="solr.DatePointField" omitNorms="true" positionIncrementGap="0" docValues="true"/>

    <fieldType name="pint" class="solr.IntPointField" omitNorms="true" docValues="true"/>
    <fieldType name="plong" class="solr.LongPointField" omitNorms="true" docValues="true"/>
    <fieldType name="pfloat" class="solr.FloatPointField" omitNorms="true" docValues="true"/>
    <fieldType name="pdouble" class="solr.DoublePointField" omitNorms="true" docValues="true"/>
    <fieldType name="pdate" class="solr.DatePointField" sortMissingLast="true" omitNorms="true" docValues="true"/>

    <fieldType name="sint" class="solr.IntPointField" sortMissingLast="true" omitNorms="true" docValues="true"/>
    <fieldType name="slong" class="solr.LongPointField" sortMissingLast="true" omitNorms="true" docValues="true"/>
    <fieldType name="sfloat" class="solr.FloatPointField" sortMissingLast="true" omitNorms="true" docValues="true"/>
    <fieldType name="sdouble" class="solr.DoublePointField" sortMissingLast="true" omitNorms="true" docValues="true"/>

    <fieldType name="random" class="solr.RandomSortField" indexed="true" />

    <!-- A text field that only splits on whitespace for exact matching of words -->
    <fieldType name="text_ws" class="solr.TextField" positionIncrementGap="100">
      <analyzer>
        <tokenizer class="solr.WhitespaceTokenizerFactory"/>
      </analyzer>
    </fieldType>

    <!-- A text field that uses WordDelimiterFilter to enable splitting and matching of
        words on case-change, alpha numeric boundaries, and non-alphanumeric chars,
        so that a query of "wifi" or "wi fi" could match a document containing "Wi-Fi".
        Synonyms and stopwords are customized by external files, and stemming is enabled.
        Duplicate tokens at the same position (which may result from Stemmed Synonyms or
        WordDelim parts) are removed.
        -->
   	<fieldType name="text" class="solr.TextField" positionIncrementGap="100">
      <analyzer type="index">
        <tokenizer class="solr.WhitespaceTokenizerFactory"/>
        <filter class="solr.StopFilterFactory"
                ignoreCase="true"
                words="stopwords.txt"
                />
        <filter class="solr.WordDelimiterFilterFactory"
                generateWordParts="1"
                generateNumberParts="1"
                catenateWords="1"
                catenateNumbers="1"
                catenateAll="0"
                splitOnCaseChange="1"/>
        <filter class="org.apache.lucene.analysis.icu.ICUFoldingFilterFactory"/>
        <filter class="solr.SnowballPorterFilterFactory" language="English" protected="protwords.txt"/>
        <filter class="solr.RemoveDuplicatesTokenFilterFactory"/>
      </analyzer>
      <analyzer type="query">
        <tokenizer class="solr.WhitespaceTokenizerFactory"/>
        <filter class="solr.SynonymFilterFactory" synonyms="synonyms.txt" ignoreCase="true" expand="true"/>
        <filter class="solr.StopFilterFactory"
                ignoreCase="true"
                words="stopwords.txt"
                />
        <filter class="solr.WordDelimiterFilterFactory"
                generateWordParts="1"
                generateNumberParts="1"
                catenateWords="0"
                catenateNumbers="0"
                catenateAll="0"
                splitOnCaseChange="1"/>
        <filter class="org.apache.lucene.analysis.icu.ICUFoldingFilterFactory"/>
        <filter class="solr.SnowballPorterFilterFactory" language="English" protected="protwords.txt"/>
        <filter class="solr.RemoveDuplicatesTokenFilterFactory"/>
      </analyzer>
    </fieldType>

    <!-- Less flexible matching, but less false matches.  Probably not ideal for product names,
         but may be good for SKUs.  Can insert dashes in the wrong place and still match. -->
    <fieldType name="textTight" class="solr.TextField" positionIncrementGap="100" >
      <analyzer>
        <tokenizer class="solr.WhitespaceTokenizerFactory"/>
        <filter class="solr.SynonymFilterFactory" synonyms="synonyms.txt" ignoreCase="true" expand="false"/>
        <filter class="solr.StopFilterFactory" ignoreCase="true" words="stopwords.txt"/>
        <filter class="solr.WordDelimiterFilterFactory"
                generateWordParts="0"
                generateNumberParts="0"
                catenateWords="1"
                catenateNumbers="1"
                catenateAll="0"/>
        <filter class="solr.LowerCaseFilterFactory"/>
        <filter class="solr.SnowballPorterFilterFactory" language="English" protected="protwords.txt"/>
        <filter class="solr.RemoveDuplicatesTokenFilterFactory"/>
      </analyzer>
    </fieldType>

    <!-- A general unstemmed text field - good if one does not know the language of the field -->
    <fieldType name="textgen" class="solr.TextField" positionIncrementGap="100">
      <analyzer type="index">
        <tokenizer class="solr.WhitespaceTokenizerFactory"/>
        <filter class="solr.StopFilterFactory"
                ignoreCase="true"
                words="stopwords.txt" />
        <filter class="solr.WordDelimiterFilterFactory"
                generateWordParts="1"
                generateNumberParts="1"
                catenateWords="1"
                catenateNumbers="1"
                catenateAll="0"
                splitOnCaseChange="0"/>
        <filter class="solr.LowerCaseFilterFactory"/>
      </analyzer>
      <analyzer type="query">
        <tokenizer class="solr.WhitespaceTokenizerFactory"/>
        <filter class="solr.SynonymFilterFactory" synonyms="synonyms.txt" ignoreCase="true" expand="true"/>
        <filter class="solr.StopFilterFactory"
                ignoreCase="true"
                words="stopwords.txt"
                />
        <filter class="solr.WordDelimiterFilterFactory"
                generateWordParts="1"
                generateNumberParts="1"
                catenateWords="0"
                catenateNumbers="0"
                catenateAll="0"
                splitOnCaseChange="0"/>
        <filter class="solr.LowerCaseFilterFactory"/>
      </analyzer>
    </fieldType>

    <fieldtype name="ignored" stored="false" indexed="false" multiValued="true" class="solr.StrField" />

    <fieldType name="lowerCaseSort" class="solr.TextField" sortMissingLast="true" omitNorms="true">
      <analyzer>
        <tokenizer class="solr.KeywordTokenizerFactory"/>
        <filter class="solr.LowerCaseFilterFactory" />
        <filter class="solr.ICUFoldingFilterFactory"/>
        <filter class="solr.TrimFilterFactory" />
      </analyzer>
    </fieldType>
    
    <!-- This field is used for store metadatavalue (with authority, prefered label, variants and 
    	 language) to use in projection  -->
    <fieldType name="dspaceMetadataProjection" class="solr.TextField" sortMissingLast="true" omitNorms="true">
        <analyzer>
            <!--Treats the entire field as a single token, regardless of its content-->
            <tokenizer class="solr.KeywordTokenizerFactory"/>
        </analyzer>
    </fieldType>
    
    <!--This field is used for auto complete features in the discovery search-->
    <fieldType name="dspaceAutoComplete" class="solr.TextField" sortMissingLast="true" omitNorms="true">
        <analyzer>
            <tokenizer class="solr.KeywordTokenizerFactory"/>

            <!--Lower cases our values-->
            <filter class="solr.LowerCaseFilterFactory" />
            <!--Discards common words.-->
            <filter class="solr.StopFilterFactory" />
            <!-- The TrimFilter removes any leading or trailing whitespace -->
            <filter class="solr.TrimFilterFactory" />
        </analyzer>
    </fieldType>

    <fieldType name="keywordFilter" class="solr.TextField" sortMissingLast="true" omitNorms="true">
        <analyzer>
            <!--Treats the entire field as a single token, regardless of its content-->
            <tokenizer class="solr.KeywordTokenizerFactory"/>

            <!--<filter class="solr.LowerCaseFilterFactory" />-->
            <filter class="solr.TrimFilterFactory" />
        </analyzer>
    </fieldType>
    

    <!-- Thai -->
 <fieldType name="text_th" class="solr.TextField" positionIncrementGap="100">
  <analyzer type="index">
    <tokenizer class="solr.ICUTokenizerFactory"/>
    <filter class="solr.LowerCaseFilterFactory"/>
    <filter class="solr.StopFilterFactory" ignoreCase="true" words="lang/stopwords_th.txt"/>
  </analyzer>
  <analyzer type="query">
    <tokenizer class="solr.ICUTokenizerFactory"/>
    <filter class="solr.LowerCaseFilterFactory"/>
    <filter class="solr.StopFilterFactory" ignoreCase="true" words="lang/stopwords_th.txt"/>
  </analyzer>
</fieldType>

<fieldType name="text_th_2gram" class="solr.TextField" positionIncrementGap="100">
  <analyzer type="index">
    <tokenizer class="solr.ICUTokenizerFactory"/>
    <filter class="solr.LowerCaseFilterFactory"/>
    <filter class="solr.StopFilterFactory" ignoreCase="true" words="lang/stopwords_th.txt"/>
    <filter class="solr.NGramFilterFactory" minGramSize="2" maxGramSize="5"/>
  </analyzer>
  <analyzer type="query">
    <tokenizer class="solr.ICUTokenizerFactory"/>
    <filter class="solr.LowerCaseFilterFactory"/>
    <filter class="solr.StopFilterFactory" ignoreCase="true" words="lang/stopwords_th.txt"/>
    <filter class="solr.NGramFilterFactory" minGramSize="2" maxGramSize="5"/>
  </analyzer>
</fieldType>


    <!--
     SpellCheck analysis config based off of http://wiki.apache.org/solr/
     SpellCheckingAnalysis
     -->
    <fieldType name="textSpell" class="solr.TextField"
               positionIncrementGap="100" stored="false" multiValued="true">
        <analyzer type="index">
            <tokenizer class="solr.StandardTokenizerFactory"/>
            <filter class="solr.LowerCaseFilterFactory"/>
            <filter class="solr.SynonymFilterFactory"
                    synonyms="synonyms.txt" ignoreCase="true"
                    expand="true"/>
            <filter class="solr.StopFilterFactory" ignoreCase="true"
                    words="stopwords.txt"/>
            <filter class="solr.RemoveDuplicatesTokenFilterFactory"/>
        </analyzer>
        <analyzer type="query">
            <tokenizer class="solr.StandardTokenizerFactory"/>
            <filter class="solr.LowerCaseFilterFactory"/>
            <filter class="solr.StopFilterFactory" ignoreCase="true"
                    words="stopwords.txt"/>
            <filter class="solr.RemoveDuplicatesTokenFilterFactory"/>
        </analyzer>
    </fieldType>
 </types>


 <fields>
  
 	<field name="_version_" type="long" indexed="true" stored="true" multiValued="false"/>

    <!-- catchall field, containing all other searchable text fields (implemented
        via copyField further on in this schema  -->
    <field name="search_text" type="text" indexed="true" stored="false" multiValued="true"/>

    <field name="fulltext" type="text" indexed="true" stored="true" multiValued="true"/>

    <!-- Internal DSpace Object ID -->
    <field name="search.resourceid" type="string" indexed="true" stored="true" required="true" omitNorms="true" />

    <!-- Internal DSpaceObject Type ID -->
    <field name="search.resourcetype" type="string" indexed="true" stored="true" required="true" omitNorms="true" />

    <!-- All object placed in Discovery must have an unique id (for standard DSpaceObject it is resourceID-resourceTypeID) -->
    <field name="search.uniqueid" type="string" indexed="true" stored="true" required="true" omitNorms="true" docValues="true"/>

    <!-- All Items/Communities/Collections placed in Discovery should have an handle -->
    <field name="handle" type="string" indexed="true" stored="true" omitNorms="true" docValues="true" />

    <field name="withdrawn" type="string" indexed="true" stored="true" omitNorms="true" docValues="true" />

    <field name="discoverable" type="string" indexed="true" stored="true" omitNorms="true" docValues="true" />

    <field name="read" type="string" indexed="true" stored="true" omitNorms="true" multiValued="true" docValues="true" />

    <!-- used to track who submitted an item -->
    <field name="submitter" type="string" indexed="true" stored="true" omitNorms="true" multiValued="true" docValues="true" />

    <field name="taskfor" type="string" indexed="true" stored="true" omitNorms="true" multiValued="true" docValues="true" />
   
    <field name="has_content_in_original_bundle" type="string" indexed="true" stored="true" omitNorms="true" multiValued="true" docValues="true" />

    <field name="has_geospatial_metadata" type="string" indexed="true" stored="true" omitNorms="true" multiValued="true" docValues="true" />

    <!-- used to track which group(s) have submit permissions -->
    <field name="submit" type="string" indexed="true" stored="true" omitNorms="true" multiValued="true" docValues="true" />

    <!-- used to track which eperson(s) have edit permissions on items -->
    <field name="edit" type="string" indexed="true" stored="true" omitNorms="true" multiValued="true" docValues="true" />

    <!-- used to track entity type of collections -->
    <field name="search.entitytype" type="string" indexed="true" stored="true" required="false" />
   
    <!-- Community and collection hierarchy of the Item of interest (candidate for hierarchical facetting ) -->
    <field name="location" type="lowerCaseSort" indexed="true" stored="true" multiValued="true" required="false" omitNorms="true" />
    <field name="location.comm" type="lowerCaseSort" indexed="true" stored="true" multiValued="true" required="false" omitNorms="true" />
    <field name="location.coll" type="lowerCaseSort" indexed="true" stored="true" multiValued="true" required="false" omitNorms="true" />
    <field name="location.parent" type="lowerCaseSort" indexed="true" stored="true" multiValued="false" required="false" omitNorms="true" />
  
    <field name="a_spell" type="textSpell" />
    <copyField source="fulltext" dest="a_spell" />
    <copyField source="fulltext" dest="fulltext_hl" />

    <!-- used by the DSpace Discovery Solr Indexer to track the last time a document was indexed -->
    <field name="SolrIndexer.lastIndexed" type="date" indexed="true" stored="true" default="NOW" multiValued="false" omitNorms="true" />
    <field name="lastModified" type="date" indexed="true" stored="true" default="NOW" multiValued="false" omitNorms="true" />
    <copyField source="lastModified" dest="lastModified_dt" />

    <!-- used to filter out items that are older versions of another item -->
    <field name="latestVersion" type="boolean" indexed="true" stored="true" default="true" multiValued="false" omitNorms="true"/>

     <!-- The database status of the current item -->
     <field name="database_status" type="string" indexed="true" stored="true" omitNorms="true" docValues="true" />
     
        <!-- Dynamic field for Thai text -->
     <dynamicField name="*_txt_th" type="text_th" indexed="true" stored="true" multiValued="true"/>
    <dynamicField name="*_txt_th2" type="text_th_2gram" indexed="true" stored="true" multiValued="true"/>
    <dynamicField name="*_search_txt_th2" type="text_th_2gram" indexed="true" stored="true" multiValued="true"/>


     <!-- Dynamic field used to store the relation metadata as a keywordFilter -->
     <dynamicField name="relation.*" type="keywordFilter" indexed="true" stored="true" omitNorms="true" multiValued="true"/>

 	<!--Dynamic field used to store metadata for projection-->
    <dynamicField name="*_stored" type="dspaceMetadataProjection" indexed="false" stored="true" multiValued="true"/>

    <!--Dynamic field used for search autocompletion-->
    <dynamicField name="*_ac" type="keywordFilter" indexed="true" stored="true" omitNorms="true" multiValued="true"/>
	<dynamicField name="*_acid" type="keywordFilter" indexed="true" stored="true" omitNorms="true" multiValued="true"/>

    <!--Dynamic field used for sidebar filters & SOLR browse by value -->
    <dynamicField name="*_filter" type="keywordFilter" indexed="true" stored="true" multiValued="true" omitNorms="true" />
    <!--Dynamic field used to index the facet/filter value, split on each word to end,
        so that the facet search can search all words in a facet-->
    <dynamicField name="*_prefix" type="keywordFilter" indexed="true" stored="true" multiValued="true" omitNorms="true" />
    <dynamicField name="*_authority" type="keywordFilter" indexed="true" stored="true" multiValued="true" omitNorms="true" />
    <dynamicField name="*_keyword" type="keywordFilter" indexed="true" stored="true" multiValued="true" omitNorms="true" />

	<!--Dynamic field used for SOLR browse by partial value -->
    <dynamicField name="*_partial" type="text" indexed="true" stored="true" multiValued="true" omitNorms="true" />

    <!--Dynamic field used for hit highlighting-->
    <dynamicField name="*_hl" type="text" indexed="true" stored="true" multiValued="true" omitNorms="true"/>

    <dynamicField name="*_sort" type="lowerCaseSort" indexed="true" stored="true" multiValued="false" omitNorms="true"/>
    <dynamicField name="*_min" type="text" indexed="true" stored="true" multiValued="false" omitNorms="true"/>
    <dynamicField name="*_max" type="text" indexed="true" stored="true" multiValued="false" omitNorms="true"/>

    <!--Dynamic field used for related item searches-->
    <dynamicField name="*_mlt" type="text" indexed="true" stored="true" multiValued="true" omitNorms="true" termVectors="true" termPositions="true" termOffsets="true"/>

    <!--Date matching-->
    <dynamicField name="*.year" type="sint" indexed="true" stored="true" multiValued="true" omitNorms="true" />
    <dynamicField name="*_dt" type="date" indexed="true" stored="true" multiValued="false" omitNorms="true"  docValues="true"/>

    <!--Used for matching on all other fields -->
    <dynamicField name="*" type="text" multiValued="true"/>

    <!-- Leftovers from sample schema.  Are these used? -->
    <dynamicField name="*_i"   type="int"     indexed="true" stored="true" docValues="true"/>
    <dynamicField name="*_s"   type="string"  indexed="true" stored="true" docValues="true"/>
    <dynamicField name="*_l"   type="long"    indexed="true" stored="true" docValues="true"/>
    <dynamicField name="*_t"   type="text"    indexed="true" stored="true" />
    <dynamicField name="*_b"   type="boolean" indexed="true" stored="true" />
    <dynamicField name="*_f"   type="float"   indexed="true" stored="true" docValues="true"/>
    <dynamicField name="*_d"   type="double"  indexed="true" stored="true" docValues="true"/>

    <dynamicField name="*_ti"  type="int"     indexed="true" stored="true" docValues="true"/>
    <dynamicField name="*_tl"  type="long"    indexed="true" stored="true" docValues="true"/>
    <dynamicField name="*_tf"  type="float"   indexed="true" stored="true" docValues="true"/>
    <dynamicField name="*_td"  type="double"  indexed="true" stored="true" docValues="true"/>

    <dynamicField name="*_pi"  type="pint"    indexed="true" stored="true"/>

    <dynamicField name="ignored_*" type="ignored" multiValued="true"/>
    <dynamicField name="attr_*" type="textgen" indexed="true" stored="true" multiValued="true"/>

    <dynamicField name="random_*" type="random" />
 </fields>

 <uniqueKey>search.uniqueid</uniqueKey>

  <!-- copyField commands copy one field to another at the time a document
        is added to the index.  It's used either to index the same field differently,
        or to add multiple fields to the same field for easier/faster searching.  -->

 <copyField source="*" dest="search_text"/>
 <copyField source="dspace.entity.type" dest="search.entitytype"/>
 <copyField source="dc.title" dest="dc.title_txt_th"/>
 <copyField source="dc.description" dest="dc.description_txt_th"/>
 <copyField source="dc.description.abstract" dest="dc.description.abstract_txt_th"/>
 <copyField source="dc.subject" dest="dc.subject_txt_th"/>
 <copyField source="dc.contributor.author" dest="dc.contributor.author_txt_th"/>
 <copyField source="dc.title" dest="dc.title_txt_th2"/>
<copyField source="dc.description.abstract" dest="dc.description.abstract_txt_th2"/>
<copyField source="dc.subject" dest="dc.subject_txt_th2"/>
<copyField source="dc.contributor.author" dest="dc.contributor.author_txt_th2"/>
<copyField source="*_txt_th" dest="search_text"/>
<copyField source="*_txt_th2" dest="search_text"/>
<copyField source="*_txt_th2" dest="*_search_txt_th2"/>
</schema>
