<?xml version="1.0" encoding="UTF-8" ?>
<!--
 Licensed to the Apache Software Foundation (ASF) under one or more
 contributor license agreements.  See the NOTICE file distributed with
 this work for additional information regarding copyright ownership.
 The ASF licenses this file to You under the Apache License, Version 2.0
 (the "License"); you may not use this file except in compliance with
 the License.  You may obtain a copy of the License at

     http://www.apache.org/licenses/LICENSE-2.0

 Unless required by applicable law or agreed to in writing, software
 distributed under the License is distributed on an "AS IS" BASIS,
 WITHOUT WARRANTIES OR CONDITIONS OF ANY KIND, either express or implied.
 See the License for the specific language governing permissions and
 limitations under the License.
-->

<!--
    This is the DSpace "authority" core, which holds records of attributions
    provided by some metadata authority.
    See dspace-api:org.dspace.authority.AuthoritySolrServiceImpl.

    You should find the extensively commented example schema distributed with
    Solr in [Solr]/server/solr/configsets/_default/conf/.
-->

<schema name="authority" version="1.1">

  <types>

    <fieldType name="string"
               class="solr.StrField"
               sortMissingLast="true"
               omitNorms="true"/>

    <fieldType name="boolean"
               class="solr.BoolField"
               sortMissingLast="true"
               omitNorms="true"/>

    <fieldType name="date"
               class="solr.DatePointField"
               sortMissingLast="true"
               omitNorms="true"
               docValues="true"/>

    <fieldType name="text"
               class="solr.TextField"
               positionIncrementGap="100">
      <analyzer type="index">
        <tokenizer class="solr.WhitespaceTokenizerFactory"/>
        <!-- Case insensitive stop word removal. -->
        <filter class="solr.StopFilterFactory"
                ignoreCase="true"
                words="stopwords.txt"
                />
        <filter class="solr.WordDelimiterFilterFactory"
                generateWordParts="1"
                generateNumberParts="1"
                catenateWords="1"
                catenateNumbers="1"
                catenateAll="0"
                splitOnCaseChange="1"/>
        <filter class="solr.LowerCaseFilterFactory"/>
        <filter class="solr.RemoveDuplicatesTokenFilterFactory"/>
        <filter class="solr.ReversedWildcardFilterFactory" />
      </analyzer>
      <analyzer type="query">
        <tokenizer class="solr.WhitespaceTokenizerFactory"/>
        <filter class="solr.SynonymFilterFactory"
                synonyms="synonyms.txt"
                ignoreCase="true"
                expand="true"/>
        <filter class="solr.StopFilterFactory"
                ignoreCase="true"
                words="stopwords.txt"/>
        <filter class="solr.WordDelimiterFilterFactory"
                generateWordParts="1"
                generateNumberParts="1"
                catenateWords="0"
                catenateNumbers="0"
                catenateAll="0"
                splitOnCaseChange="1"/>
        <filter class="solr.LowerCaseFilterFactory"/>
        <filter class="solr.RemoveDuplicatesTokenFilterFactory"/>
      </analyzer>
    </fieldType>

    <fieldType name="long"
               class="solr.LongPointField"
               omitNorms="true"
               positionIncrementGap="0"
               docValues="true"/>

 </types>

 <fields>
     <field name="_version_"
            type="long"
            indexed="true"
            stored="true"
            multiValued="false"/>
     <field name="id" type="string" multiValued="false" indexed="true" stored="true" required="true"/>
     <field name="field" type="string" multiValued="false" indexed="true" stored="true" required="true" />
     <field name="email" type="string" multiValued="true" indexed="true" stored="true" required="false"/>
     <field name="institution" type="string" multiValued="false" indexed="true" stored="true" required="false"/>
     <field name="value" type="text" multiValued="false" indexed="true" stored="true" required="false"/>

     <field name="orcid_id" type="string" multiValued="false" indexed="true" stored="true" required="false"/>
     <field name="first_name" type="text" multiValued="false" indexed="true" stored="true" required="false"/>
     <field name="last_name" type="text" multiValued="false" indexed="true" stored="true" required="false"/>
     <field name="name_variant" type="text" multiValued="true" indexed="true" stored="true" required="false"/>
     <dynamicField name="label_*" type="text" multiValued="true" indexed="true" stored="true" required="false"/>
     <dynamicField name="value_*" type="text" multiValued="false" indexed="true" stored="true" required="false"/>
     <field name="all_labels" type="text" multiValued="true" indexed="true" stored="true" required="false"/>
     <copyField source="label_*" dest="all_labels"/>
     <field name="deleted" type="boolean" multiValued="false" indexed="true" stored="true" required="false"/>
     <field name="last_modified_date" type="date" indexed="true" stored="true" required="true" />
     <field name="creation_date" type="date" indexed="true" stored="true" required="true" />
     <field name="authority_type" type="string" multiValued="false" indexed="true" stored="true" required="false"/>
 </fields>

 <uniqueKey>id</uniqueKey>

</schema>
