<?xml version="1.0" encoding="UTF-8"?>
<beans xmlns="http://www.springframework.org/schema/beans"
       xmlns:xsi="http://www.w3.org/2001/XMLSchema-instance"
       xsi:schemaLocation="http://www.springframework.org/schema/beans http://www.springframework.org/schema/beans/spring-beans.xsd" default-lazy-init="true">

    <bean name="org.dspace.storage.bitstore.BitstreamStorageService" class="org.dspace.storage.bitstore.BitstreamStorageServiceImpl">
        <property name="incoming" value="${assetstore.index.primary}"/>
        <property name="stores">
            <map>
                <entry key="0" value-ref="localStore"/>
                <entry key="1" value-ref="s3Store"/>
                <entry key="2" value-ref="jcloudStore"/>
            </map>
        </property>
    </bean>

    <bean name="localStore" class="org.dspace.storage.bitstore.DSBitStoreService" scope="singleton">
        <property name="baseDir" value="${assetstore.dir}"/>
    </bean>

    <bean name="s3Store" class="org.dspace.storage.bitstore.S3BitStoreService" scope="singleton" lazy-init="true">
        <property name="enabled" value="${assetstore.s3.enabled}"/>
        <!-- AWS Security credentials, with policies for specified bucket -->
        <property name="awsAccessKey" value="${assetstore.s3.awsAccessKey}"/>
        <property name="awsSecretKey" value="${assetstore.s3.awsSecretKey}"/>
        <property name="useRelativePath" value="${assetstore.s3.useRelativePath}"/>

        <!-- S3 bucket name to store assets in. example: longsight-dspace-auk -->
        <property name="bucketName" value="${assetstore.s3.bucketName}"/>

        <!-- AWS S3 Region to use: {us-east-1, us-west-1, eu-west-1, eu-central-1, ap-southeast-1, ... } -->
        <!-- Optional, sdk default is us-east-1 -->
        <property name="awsRegionName" value="${assetstore.s3.awsRegionName}"/>

        <!-- Subfolder to organize assets within the bucket, in case this bucket is shared  -->
        <!-- Optional, default is root level of bucket -->
        <property name="subfolder" value="${assetstore.s3.subfolder}"/>
    </bean>

    <!-- 
        JCloudStoreService: This bean is used to configure the JCloud assetstore.
    -->
    <bean name="jcloudStore" class="org.dspace.storage.bitstore.JCloudBitStoreService" scope="singleton" lazy-init="true">
        <!-- Determines if the JCloud assetstore is enabled. Default is false. -->
        <property name="enabled" value="${assetstore.jcloud.enabled:false}"/>

        <!-- Specifies the provider or API for the JCloud assetstore.-->
        <!-- see https://jclouds.apache.org/reference/providers/#blobstore -->
        <property name="providerOrApi" value="${assetstore.jcloud.provider:aws-s3}"/>

        <!-- The identity (e.g., username or access key) for the JCloud assetstore. -->
        <property name="identity" value="${assetstore.jcloud.identity:#{null}}"/>

        <!-- The credentials (e.g., password or secret key) for the JCloud assetstore. -->
        <property name="credentials" value="${assetstore.jcloud.credentials:#{null}}"/>

        <!-- The endpoint URL for the JCloud assetstore. -->
        <property name="endpoint" value="${assetstore.jcloud.endpoint:#{null}}"/>

        <!-- The container name in the JCloud assetstore.  -->
        <property name="container" value="${assetstore.jcloud.container:#{null}}"/>

        <!-- The subfolder within the container in the JCloud assetstore. -->
        <property name="subfolder" value="${assetstore.jcloud.subfolder:#{null}}"/>

        <!-- Indicates whether to use relative paths. Default is false. -->
        <property name="useRelativePath" value="${assetstore.jcloud.useRelativePath:false}"/>

        <!-- The maximum counter value for reseting remote connections. Default is -1 (disabled). -->
        <property name="maxCounter" value="${assetstore.jcloud.maxCounter:-1}"/>

        <!-- A map of overrides for the underlying BlobstoreContext (current setting used in testing). -->
        <property name="overrides">
            <props>
                <prop key="jclouds.filesystem.basedir">${assetstore.jcloud.basedir:target/testing/dspace}</prop>
            </props>
        </property>

    </bean>

    <!-- <bean name="localStore2 ... -->
    <!-- <bean name="s3Store2 ... -->
</beans>
