<?xml version="1.0" encoding="UTF-8"?>
<beans xmlns="http://www.springframework.org/schema/beans"
    xmlns:xsi="http://www.w3.org/2001/XMLSchema-instance"
    xsi:schemaLocation="http://www.springframework.org/schema/beans
           http://www.springframework.org/schema/beans/spring-beans-2.5.xsd">

    <bean id="import-openaire-events" class="org.dspace.qaevent.script.OpenaireEventsImportCliScriptConfiguration" primary="true">
        <property name="description" value="Import new Openaire quality assurance broker events"/>
        <property name="dspaceRunnableClass" value="org.dspace.qaevent.script.OpenaireEventsImportCli"/>
    </bean>

    <bean id="index-discovery" class="org.dspace.discovery.IndexDiscoveryScriptConfiguration">
        <property name="description" value="Update Discovery Solr Search Index"/>
        <property name="dspaceRunnableClass" value="org.dspace.discovery.IndexClient"/>
    </bean>

    <bean id="metadata-import" class="org.dspace.app.bulkedit.MetadataImportCliScriptConfiguration">
        <property name="description" value="Import metadata after batch editing" />
        <property name="dspaceRunnableClass" value="org.dspace.app.bulkedit.MetadataImportCLI"/>
    </bean>

    <bean id="metadata-export" class="org.dspace.app.bulkedit.MetadataExportCliScriptConfiguration">
        <property name="description" value="Export metadata for batch editing"/>
        <property name="dspaceRunnableClass" value="org.dspace.app.bulkedit.MetadataExportCli"/>
    </bean>

    <bean name="metadata-export-search" class="org.dspace.app.bulkedit.MetadataExportSearchCliScriptConfiguration">
        <property name="description" value="export metadata from a discovery search" />
        <property name="dspaceRunnableClass" value="org.dspace.app.bulkedit.MetadataExportSearchCli" />
    </bean>

    <bean name="metadata-export-filtered-items-report" class="org.dspace.app.bulkedit.MetadataExportFilteredItemsReportCliScriptConfiguration">
        <property name="description" value="Export metadata from item results in a Metadata Query Report" />
        <property name="dspaceRunnableClass" value="org.dspace.app.bulkedit.MetadataExportFilteredItemsReportCli" />
    </bean>

    <bean id="retry-tracker" class="org.dspace.statistics.export.RetryFailedOpenUrlTrackerScriptConfiguration" scope="prototype">
        <property name="description" value="Retry all failed commits to the OpenURLTracker"/>
        <property name="dspaceRunnableClass" value="org.dspace.statistics.export.RetryFailedOpenUrlTracker"/>
    </bean>

    <bean id="curate"
          class="org.dspace.curate.CurationCliScriptConfiguration">
        <property name="description"
                  value="Curation tasks"/>
        <property name="dspaceRunnableClass"
                  value="org.dspace.curate.CurationCli"/>
    </bean>

    <bean id="submission-forms-migrate" class="org.dspace.submit.migration.SubmissionFormsMigrationCliScriptConfiguration">
        <property name="description" value="Script for migrating submission forms to DSpace 7"/>
        <property name="dspaceRunnableClass" value="org.dspace.submit.migration.SubmissionFormsMigration"/>
    </bean>

    <bean id="metadata-deletion" class="org.dspace.app.bulkedit.MetadataDeletionCliScriptConfiguration">
        <property name="description" value="Delete all the values of the specified metadata field"/>
        <property name="dspaceRunnableClass" value="org.dspace.app.bulkedit.MetadataDeletionCli"/>
    </bean>

    <bean id="harvest" class="org.dspace.app.harvest.HarvestCliScriptConfiguration">
        <property name="description" value="Manage the OAI-PMH harvesting of external collections"/>
        <property name="dspaceRunnableClass" value="org.dspace.app.harvest.HarvestCli"/>
    </bean>
        
    <bean id="process-cleaner" class="org.dspace.administer.ProcessCleanerCliConfiguration">
        <property name="description" value="Cleanup all the old processes in the specified state"/>
        <property name="dspaceRunnableClass" value="org.dspace.administer.ProcessCleanerCli"/>
    </bean>

    <bean id="filter-media" class="org.dspace.app.mediafilter.MediaFilterScriptConfiguration">
        <property name="description" value="Perform the media filtering to extract full text from documents and to create thumbnails"/>
        <property name="dspaceRunnableClass" value="org.dspace.app.mediafilter.MediaFilterScript"/>
    </bean>
    
    <bean id="orcid-bulk-push" class="org.dspace.orcid.script.OrcidBulkPushScriptConfiguration">
        <property name="description" value="Perform the bulk synchronization of all the BATCH configured ORCID entities placed in the ORCID queue"/>
        <property name="dspaceRunnableClass" value="org.dspace.orcid.script.OrcidBulkPush"/>
    </bean>
    
    <bean id="solr-database-resync" class="org.dspace.app.solrdatabaseresync.SolrDatabaseResyncCliScriptConfiguration">
        <property name="description" value="Update the database status of Items in solr"/>
        <property name="dspaceRunnableClass" value="org.dspace.app.solrdatabaseresync.SolrDatabaseResyncCli"/>
    </bean>

    <bean id="import" class="org.dspace.app.itemimport.ItemImportCLIScriptConfiguration" primary="true">
        <property name="description" value="Batch Import from Simple Archive Format (SAF)" />
        <property name="dspaceRunnableClass" value="org.dspace.app.itemimport.ItemImportCLI"/>
    </bean>

    <bean id="export" class="org.dspace.app.itemexport.ItemExportCLIScriptConfiguration" primary="true">
        <property name="description" value="Batch Export to Simple Archive Format (SAF)"/>
        <property name="dspaceRunnableClass" value="org.dspace.app.itemexport.ItemExportCLI"/>
    </bean>

    <bean id="subscription-send" class="org.dspace.subscriptions.SubscriptionEmailNotificationCliScriptConfiguration">
        <property name="description" value="Send emails related to Community/Collection/Item subscriptions"/>
        <property name="dspaceRunnableClass" value="org.dspace.subscriptions.SubscriptionEmailNotificationCli"/>
    </bean>

    <bean id="bulk-access-control" class="org.dspace.app.bulkaccesscontrol.BulkAccessControlCliScriptConfiguration" primary="true">
        <property name="description" value="Bulk access control"/>
        <property name="dspaceRunnableClass" value="org.dspace.app.bulkaccesscontrol.BulkAccessControlCli"/>
    </bean>

    <bean id="import-loader-suggestions"
          class="org.dspace.app.suggestion.script.PublicationLoaderCliScriptConfiguration">
        <property name="description" value="Imports suggestions from external providers for publication claim"/>
        <property name="dspaceRunnableClass" value="org.dspace.app.suggestion.runnable.PublicationLoaderRunnableCli"/>
    </bean>

</beans>
