<?xml version="1.0" encoding="UTF-8"?>
<!--

    The contents of this file are subject to the license and copyright
    detailed in the LICENSE and NOTICE files at the root of the source
    tree and available online at

    http://www.dspace.org/license/

-->
<beans xmlns="http://www.springframework.org/schema/beans"
       xmlns:xsi="http://www.w3.org/2001/XMLSchema-instance"
       xmlns:context="http://www.springframework.org/schema/context"
       xsi:schemaLocation="http://www.springframework.org/schema/beans
           http://www.springframework.org/schema/beans/spring-beans.xsd
           http://www.springframework.org/schema/context
           http://www.springframework.org/schema/context/spring-context.xsd"
       default-autowire-candidates="*Service,*DAO,javax.sql.DataSource">

    <context:annotation-config /> <!-- allows us to use spring annotations in beans -->

    <bean class="org.dspace.discovery.SolrSearchCore" autowire-candidate="true"/>

    <bean class="org.dspace.discovery.SolrServiceImpl" id="org.dspace.discovery.SearchService"/>

    <alias name="org.dspace.discovery.SearchService" alias="org.dspace.discovery.IndexingService"/>

    <bean id="solrLoggerService"
          class="org.dspace.statistics.SolrLoggerServiceImpl"
          lazy-init="true">
        <description>Store and access DSpace usage statistics records in Solr.</description>
    </bean>

    <bean id='SolrStatisticsCore'
	  class='org.dspace.statistics.SolrStatisticsCore'
	  autowire-candidate='true'>
        <description>
          Store and access DSpace usage statistics records in Solr.
        </description>
    </bean>

    <bean id='HttpSolrClientFactory'
          class='org.dspace.statistics.HttpSolrClientFactory'>
        <description>HTTP connection to a Solr instance.</description>
    </bean>
    
    <!-- quality assurance broker service -->
    <bean id="org.dspace.qaevent.service.QAEventService" class="org.dspace.qaevent.service.impl.QAEventServiceImpl" />
    
    <bean class="org.dspace.statistics.GeoIpService" autowire-candidate="true"/>
    
    <!-- suggestion service for solr providers -->     
    <bean id="org.dspace.app.suggestion.SolrSuggestionStorageService" class="org.dspace.app.suggestion.SolrSuggestionStorageServiceImpl" />
   
</beans>
