<!--
    The contents of this file are subject to the license and copyright
    detailed in the LICENSE and NOTICE files at the root of the source
    tree and available online at

    http://www.dspace.org/license/
-->
<config xmlns:xsi='http://www.w3.org/2001/XMLSchema-instance'
        xmlns='http://www.ehcache.org/v3'
        xsi:schemaLocation="http://www.ehcache.org/v3
                            http://www.ehcache.org/schema/ehcache-core-3.7.xsd">

    <cache-template name="iiif-default">
        <listeners>
            <listener>
                <class>org.dspace.iiif.logger.CacheLogger</class>
                <event-firing-mode>ASYNCHRONOUS</event-firing-mode>
                <event-ordering-mode>UNORDERED</event-ordering-mode>
                <events-to-fire-on>CREATED</events-to-fire-on>
                <events-to-fire-on>EXPIRED</events-to-fire-on>
                <events-to-fire-on>REMOVED</events-to-fire-on>
                <events-to-fire-on>EVICTED</events-to-fire-on>
            </listener>
        </listeners>
        <resources>
            <heap>1000</heap>
            <offheap unit="MB">10</offheap>
        </resources>
    </cache-template>
    <cache-template name="iiif-canvas">
        <listeners>
            <listener>
                <class>org.dspace.iiif.logger.CanvasCacheLogger</class>
                <event-firing-mode>ASYNCHRONOUS</event-firing-mode>
                <event-ordering-mode>UNORDERED</event-ordering-mode>
                <events-to-fire-on>CREATED</events-to-fire-on>
                <events-to-fire-on>EXPIRED</events-to-fire-on>
                <events-to-fire-on>REMOVED</events-to-fire-on>
                <events-to-fire-on>EVICTED</events-to-fire-on>
            </listener>
        </listeners>
        <resources>
            <heap>3000</heap>
            <offheap unit="MB">4</offheap>
        </resources>
    </cache-template>
    <cache-template name="sherpa-default">
        <listeners>
            <listener>
                <class>org.dspace.app.sherpa.cache.SherpaCacheLogger</class>
                <event-firing-mode>ASYNCHRONOUS</event-firing-mode>
                <event-ordering-mode>UNORDERED</event-ordering-mode>
                <events-to-fire-on>CREATED</events-to-fire-on>
                <events-to-fire-on>EXPIRED</events-to-fire-on>
                <events-to-fire-on>REMOVED</events-to-fire-on>
                <events-to-fire-on>EVICTED</events-to-fire-on>
            </listener>
        </listeners>
        <resources>
            <heap>3000</heap>
            <offheap unit="MB">4</offheap>
        </resources>
    </cache-template>

    <cache alias="manifests" uses-template="iiif-default"/>
    <cache alias="canvasdimensions" uses-template="iiif-canvas"/>
    <cache alias="sherpa.searchByJournalISSN" uses-template="sherpa-default"/>

</config>